{"cameraMode":{"drawMode":0,"name":"Shaded","section":"Shading Mode"},"sceneLighting":false,"audioPlay":false,"sceneViewState":{"showFog":false,"showMaterialUpdate":false,"showSkybox":false,"showFlares":false,"showImageEffects":false,"showParticleSystems":false},"in2DMode":false,"pivot":{"x":-32.29853057861328,"y":-10.196684837341309,"z":27.278745651245118},"rotation":{"x":0.0651836171746254,"y":-0.4663481116294861,"z":0.03448370844125748,"w":0.8815222978591919},"size":64.86192321777344,"orthographic":false}